name,type,value,date
一花评论,一花,3,2019/04/27
二乃评论,二乃,1,2019/04/27
三玖评论,三玖,5,2019/04/27
四叶评论,四叶,1,2019/04/27
五月评论,五月,1,2019/04/27
一花评论,一花,3,2019/04/28
二乃评论,二乃,2,2019/04/28
三玖评论,三玖,6,2019/04/28
四叶评论,四叶,1,2019/04/28
五月评论,五月,1,2019/04/28
一花评论,一花,5,2019/04/29
二乃评论,二乃,3,2019/04/29
三玖评论,三玖,12,2019/04/29
四叶评论,四叶,3,2019/04/29
五月评论,五月,2,2019/04/29
一花评论,一花,7,2019/04/30
二乃评论,二乃,5,2019/04/30
三玖评论,三玖,15,2019/04/30
四叶评论,四叶,5,2019/04/30
五月评论,五月,4,2019/04/30
一花评论,一花,7,2019/05/01
二乃评论,二乃,5,2019/05/01
三玖评论,三玖,16,2019/05/01
四叶评论,四叶,5,2019/05/01
五月评论,五月,5,2019/05/01
一花评论,一花,8,2019/05/02
二乃评论,二乃,6,2019/05/02
三玖评论,三玖,17,2019/05/02
四叶评论,四叶,6,2019/05/02
五月评论,五月,6,2019/05/02
一花评论,一花,9,2019/05/03
二乃评论,二乃,6,2019/05/03
三玖评论,三玖,20,2019/05/03
四叶评论,四叶,7,2019/05/03
五月评论,五月,7,2019/05/03
一花评论,一花,9,2019/05/04
二乃评论,二乃,6,2019/05/04
三玖评论,三玖,20,2019/05/04
四叶评论,四叶,7,2019/05/04
五月评论,五月,7,2019/05/04
