name,type,value,date
一花-评论,一花,0,2019/04/06
二乃-评论,二乃,0,2019/04/06
三玖-评论,三玖,3,2019/04/06
四叶-评论,四叶,0,2019/04/06
五月-评论,五月,1,2019/04/06
一花-评论,一花,3,2019/04/07
二乃-评论,二乃,2,2019/04/07
三玖-评论,三玖,7,2019/04/07
四叶-评论,四叶,1,2019/04/07
五月-评论,五月,5,2019/04/07
一花-评论,一花,5,2019/04/08
二乃-评论,二乃,2,2019/04/08
三玖-评论,三玖,9,2019/04/08
四叶-评论,四叶,1,2019/04/08
五月-评论,五月,8,2019/04/08
一花-评论,一花,5,2019/04/09
二乃-评论,二乃,2,2019/04/09
三玖-评论,三玖,10,2019/04/09
四叶-评论,四叶,1,2019/04/09
五月-评论,五月,10,2019/04/09
一花-评论,一花,5,2019/04/10
二乃-评论,二乃,3,2019/04/10
三玖-评论,三玖,12,2019/04/10
四叶-评论,四叶,1,2019/04/10
五月-评论,五月,10,2019/04/10
一花-评论,一花,6,2019/04/11
二乃-评论,二乃,3,2019/04/11
三玖-评论,三玖,15,2019/04/11
四叶-评论,四叶,1,2019/04/11
五月-评论,五月,11,2019/04/11
一花-评论,一花,6,2019/04/12
二乃-评论,二乃,3,2019/04/12
三玖-评论,三玖,15,2019/04/12
四叶-评论,四叶,2,2019/04/12
五月-评论,五月,11,2019/04/12
一花-评论,一花,8,2019/04/13
二乃-评论,二乃,7,2019/04/13
三玖-评论,三玖,17,2019/04/13
四叶-评论,四叶,2,2019/04/13
五月-评论,五月,13,2019/04/13
一花-评论,一花,19,2019/04/14
二乃-评论,二乃,15,2019/04/14
三玖-评论,三玖,22,2019/04/14
四叶-评论,四叶,3,2019/04/14
五月-评论,五月,16,2019/04/14
一花-评论,一花,19,2019/04/15
二乃-评论,二乃,16,2019/04/15
三玖-评论,三玖,24,2019/04/15
四叶-评论,四叶,4,2019/04/15
五月-评论,五月,16,2019/04/15
一花-评论,一花,20,2019/04/16
二乃-评论,二乃,18,2019/04/16
三玖-评论,三玖,26,2019/04/16
四叶-评论,四叶,5,2019/04/16
五月-评论,五月,17,2019/04/16
一花-评论,一花,20,2019/04/17
二乃-评论,二乃,19,2019/04/17
三玖-评论,三玖,27,2019/04/17
四叶-评论,四叶,5,2019/04/17
五月-评论,五月,21,2019/04/17
一花-评论,一花,21,2019/04/18
二乃-评论,二乃,20,2019/04/18
三玖-评论,三玖,29,2019/04/18
四叶-评论,四叶,6,2019/04/18
五月-评论,五月,22,2019/04/18
一花-评论,一花,21,2019/04/19
二乃-评论,二乃,20,2019/04/19
三玖-评论,三玖,32,2019/04/19
四叶-评论,四叶,6,2019/04/19
五月-评论,五月,24,2019/04/19
一花-评论,一花,21,2019/04/20
二乃-评论,二乃,21,2019/04/20
三玖-评论,三玖,33,2019/04/20
四叶-评论,四叶,6,2019/04/20
五月-评论,五月,24,2019/04/20
一花-评论,一花,21,2019/04/21
二乃-评论,二乃,21,2019/04/21
三玖-评论,三玖,35,2019/04/21
四叶-评论,四叶,6,2019/04/21
五月-评论,五月,28,2019/04/21
一花-评论,一花,21,2019/04/22
二乃-评论,二乃,21,2019/04/22
三玖-评论,三玖,36,2019/04/22
四叶-评论,四叶,6,2019/04/22
五月-评论,五月,28,2019/04/22
一花-评论,一花,21,2019/04/23
二乃-评论,二乃,21,2019/04/23
三玖-评论,三玖,36,2019/04/23
四叶-评论,四叶,6,2019/04/23
五月-评论,五月,28,2019/04/23
一花-评论,一花,21,2019/04/24
二乃-评论,二乃,21,2019/04/24
三玖-评论,三玖,36,2019/04/24
四叶-评论,四叶,6,2019/04/24
五月-评论,五月,28,2019/04/24
一花-评论,一花,22,2019/04/25
二乃-评论,二乃,22,2019/04/25
三玖-评论,三玖,40,2019/04/25
四叶-评论,四叶,7,2019/04/25
五月-评论,五月,29,2019/04/25
一花-评论,一花,22,2019/04/26
二乃-评论,二乃,22,2019/04/26
三玖-评论,三玖,40,2019/04/26
四叶-评论,四叶,7,2019/04/26
五月-评论,五月,29,2019/04/26
一花-评论,一花,25,2019/04/27
二乃-评论,二乃,23,2019/04/27
三玖-评论,三玖,45,2019/04/27
四叶-评论,四叶,8,2019/04/27
五月-评论,五月,30,2019/04/27
一花-评论,一花,25,2019/04/28
二乃-评论,二乃,24,2019/04/28
三玖-评论,三玖,46,2019/04/28
四叶-评论,四叶,8,2019/04/28
五月-评论,五月,30,2019/04/28
一花-评论,一花,27,2019/04/29
二乃-评论,二乃,25,2019/04/29
三玖-评论,三玖,52,2019/04/29
四叶-评论,四叶,10,2019/04/29
五月-评论,五月,31,2019/04/29
一花-评论,一花,29,2019/04/30
二乃-评论,二乃,27,2019/04/30
三玖-评论,三玖,55,2019/04/30
四叶-评论,四叶,12,2019/04/30
五月-评论,五月,33,2019/04/30
一花-评论,一花,29,2019/05/01
二乃-评论,二乃,27,2019/05/01
三玖-评论,三玖,56,2019/05/01
四叶-评论,四叶,12,2019/05/01
五月-评论,五月,34,2019/05/01
一花-评论,一花,30,2019/05/02
二乃-评论,二乃,28,2019/05/02
三玖-评论,三玖,57,2019/05/02
四叶-评论,四叶,13,2019/05/02
五月-评论,五月,35,2019/05/02
一花-评论,一花,31,2019/05/03
二乃-评论,二乃,28,2019/05/03
三玖-评论,三玖,60,2019/05/03
四叶-评论,四叶,14,2019/05/03
五月-评论,五月,36,2019/05/03
一花-评论,一花,31,2019/05/04
二乃-评论,二乃,28,2019/05/04
三玖-评论,三玖,60,2019/05/04
四叶-评论,四叶,14,2019/05/04
五月-评论,五月,36,2019/05/04
